{
  "dataset": "LFW",
  "subset": "10_folds",
  "total_pairs_available": 6000,
  "evaluated_pairs": 1000,
  "eer": 0.008333333333333333,
  "eer_threshold": 0.3700000000000012,
  "decision_threshold": 0.3700000000000012,
  "fairness_note": "LFW loader lacks demographic metadata in this pipeline; group metrics use proxy buckets.",
  "score_min": -0.5020474195480347,
  "score_max": 0.9494022130966187,
  "score_p05": -0.15377195775508878,
  "score_p50": 0.6395024359226227,
  "score_p95": 0.8825139164924621
}