{
  "total_pairs": 2,
  "evaluated_pairs": 2,
  "skipped_pairs": 0,
  "eer": 0.0,
  "eer_threshold": 0.9500000000000017,
  "decision_threshold": 0.9500000000000017
}